{"short_name":"Webマークシート","name":"登録不要＆無料でマークシートを10秒で作れる、現役学生が作った学生のためのWebアプリ","icons":[{"src":"favicon.ico","sizes":"64x64 32x32 24x24 16x16","type":"image/x-icon"},{"src":"logo192.png","type":"image/png","sizes":"192x192"},{"src":"logo512.png","type":"image/png","sizes":"512x512"}],"start_url":"/","display":"standalone","theme_color":"#000000","background_color":"#ffffff","scope":"/","description":"登録不要＆無料でマークシートを10秒で作れる、現役学生が作った学生のためのWebアプリ","screenshots":[{"src":"/images/screenshot1.png","type":"image/png","sizes":"540x720","form_factor":"narrow"},{"src":"/images/screenshot2.jpg","type":"image/jpg","sizes":"720x540","form_factor":"wide"}]}